ID,Aligned Sequence,Sequence,NanoMelt Tm (C)
4W70,EVQLVES-GGGLVQAGDSLRLSATASGRTFSR------AVMGWFRQAPGKEREFVAAISAAPGTAYYAFYADSVRGRFSISADSAKNTVYLQMNSLKPEDTAVYYVAADLKMQVAA-------------YMNQRSVDYWGQGTQVTVSS,EVQLVESGGGLVQAGDSLRLSATASGRTFSRAVMGWFRQAPGKEREFVAAISAAPGTAYYAFYADSVRGRFSISADSAKNTVYLQMNSLKPEDTAVYYVAADLKMQVAAYMNQRSVDYWGQGTQVTVSS,68.79
5SV3,EVQLVES-GGGLVQAGDSLRLSCTASGRTLGD------YGVAWFRQAPGKEREFVSVISRS---TIITDYADSVRGRFSISADSAKNTVYLQMNSLKPEDTAVYYCAVIANPVYAT-------------SRNSDDYGHWGQGTQVTVSS,EVQLVESGGGLVQAGDSLRLSCTASGRTLGDYGVAWFRQAPGKEREFVSVISRSTIITDYADSVRGRFSISADSAKNTVYLQMNSLKPEDTAVYYCAVIANPVYATSRNSDDYGHWGQGTQVTVSS,69.93
Nb4,QVQLVES-GGGSVQAGGSLRLSCAASGSAISN------LYMAWFRQAPGKEREGVAQMYSG---ESSTYYADSVEGRFTITHDKARNTVYLQMNDLKPEDSAMYYCAAAVGLPDLRRQ----------GYLSADYYRIWGQGTQVTVSS,QVQLVESGGGSVQAGGSLRLSCAASGSAISNLYMAWFRQAPGKEREGVAQMYSGESSTYYADSVEGRFTITHDKARNTVYLQMNDLKPEDSAMYYCAAAVGLPDLRRQGYLSADYYRIWGQGTQVTVSS,75.3
Nb5,HVQLVES-GGGSVQAGGSLRLSCEISLYIYSS------YCMGWFRQAPGKEREAVAAHYTG---TAITYVADSVKGRFAISEDNAKNVLYLQMNSLQPEDTAMYYCAARQPCRLWLG------------YEDPGEYNIWGQGTQVTVSS,HVQLVESGGGSVQAGGSLRLSCEISLYIYSSYCMGWFRQAPGKEREAVAAHYTGTAITYVADSVKGRFAISEDNAKNVLYLQMNSLQPEDTAMYYCAARQPCRLWLGYEDPGEYNIWGQGTQVTVSS,77.42
Nb6,QVQLVES-GGGSVQAGGSLRLSCAASGLDIHS------YCMTWFRQAPGKEREEIARIGT----IAGPTYADSVKGRFTISQDKAKSIVYLQMNSLQPEDTAMYYCAADRMACLRP-------------SVQLAAYNFWGRGTQVTVSS,QVQLVESGGGSVQAGGSLRLSCAASGLDIHSYCMTWFRQAPGKEREEIARIGTIAGPTYADSVKGRFTISQDKAKSIVYLQMNSLQPEDTAMYYCAADRMACLRPSVQLAAYNFWGRGTQVTVSS,73.66
4A_sdAb_2505,QVQLQES-GGGSVQAGGSLRLSCADSGYTFSD------YCMGWFRQAPGKEREGVAIISNG---GLITRYADSVKGRFTVSRDNAKNTLYLEMNSLKPEDTATYFCAKGSYTCNPDR------------WSQVSDYKYGGQGTQVTVSS,QVQLQESGGGSVQAGGSLRLSCADSGYTFSDYCMGWFRQAPGKEREGVAIISNGGLITRYADSVKGRFTVSRDNAKNTLYLEMNSLKPEDTATYFCAKGSYTCNPDRWSQVSDYKYGGQGTQVTVSS,66.44
5A_sdAb_1510,QVQLQES-GGGSVQAGGSLRLSCAASGYSS--------YCMGWFRQAPGKERKGVAAIDS----DGSTSYADSVKGRFTISKDNAKNTLYLQMNSLKPEDTAMYYCAADSPDRYGGSC---------LPSGGVYEYNYWGQGTQVTVSS,QVQLQESGGGSVQAGGSLRLSCAASGYSSYCMGWFRQAPGKERKGVAAIDSDGSTSYADSVKGRFTISKDNAKNTLYLQMNSLKPEDTAMYYCAADSPDRYGGSCLPSGGVYEYNYWGQGTQVTVSS,60.54
7A_5vxm,QVQLVES-GGGLVQAGGSLRLSCAVSGLEMQS------HAIGWFRQAPGKEREGVSCINDD---GSTTRYADSVKGRFTISRDNAKNTVYLQMNSLKPEDTAVYFCAAKSVWFCSV--------------IRSHEFNSWGQGTQVTVSS,QVQLVESGGGLVQAGGSLRLSCAVSGLEMQSHAIGWFRQAPGKEREGVSCINDDGSTTRYADSVKGRFTISRDNAKNTVYLQMNSLKPEDTAVYFCAAKSVWFCSVIRSHEFNSWGQGTQVTVSS,72.47
8A_sdAb_8797,QVQLQES-GGGLVQAGGSLRLSCAASGSIFAA------AYMGWYRQAPGKEREFVAAISD----GSNTYYADSVKGRFTISRDNAKNTVYLQMNSLKPEDTAVYYCAVIRWNY--------------------TYFRYWGQGTQVTVSS,QVQLQESGGGLVQAGGSLRLSCAASGSIFAAAYMGWYRQAPGKEREFVAAISDGSNTYYADSVKGRFTISRDNAKNTVYLQMNSLKPEDTAVYYCAVIRWNYTYFRYWGQGTQVTVSS,72.76
9A_6itc,QVQLVET-GGGLVQPGGSLRLSCGASGSIFNM------YAMGWYRQAPGKRREVVARIAT----DDSTMYPDSVKGRFTISRDNAKNTVYLQMNSLKPEDTAVYYCYYQRTV---------------------MSQPYWGQGTQVTVSS,QVQLVETGGGLVQPGGSLRLSCGASGSIFNMYAMGWYRQAPGKRREVVARIATDDSTMYPDSVKGRFTISRDNAKNTVYLQMNSLKPEDTAVYYCYYQRTVMSQPYWGQGTQVTVSS,64.6
10A_6xxp,QVQLQES-GGGSVEAGGSLRLSCARSGWPYST------YSMNWFRQAPGKEREAVAGISST---MSGIIFAESKAGQFTISQDNAKNTVYLQMNNLKPEDTAIYYCAARRDYSLS---------------SSSDDFDYWGQGTQVTVSS,QVQLQESGGGSVEAGGSLRLSCARSGWPYSTYSMNWFRQAPGKEREAVAGISSTMSGIIFAESKAGQFTISQDNAKNTVYLQMNNLKPEDTAIYYCAARRDYSLSSSSDDFDYWGQGTQVTVSS,59.01
12A_3r0m,AVQLQES-GGGLVQAGGSLRLSCTASGRISSS------YDMGWFRQAPGKEREFVAAISWS---GGTTDYADSVKGRFAISKDNAKNAVYLQMNSLKPEDTAVYYCAAKWRPLRYSD------------YPSNSDYYDWGQGTQVTVSS,AVQLQESGGGLVQAGGSLRLSCTASGRISSSYDMGWFRQAPGKEREFVAAISWSGGTTDYADSVKGRFAISKDNAKNAVYLQMNSLKPEDTAVYYCAAKWRPLRYSDYPSNSDYYDWGQGTQVTVSS,66.66
sdab33.Nb1,QVQLQES-GGGSVQAGGSLKLSCAASGGAYR-------NACMGFRQAPGKERE--GAIINS---VDTTYYADPVKGRFTISRDNAKSTVYLLMNSLKPEDTAIYYCAQVARVVCPGD------------KLGASGYNYWGQGTQVTVSS,QVQLQESGGGSVQAGGSLKLSCAASGGAYRNACMGFRQAPGKEREGAIINSVDTTYYADPVKGRFTISRDNAKSTVYLLMNSLKPEDTAIYYCAQVARVVCPGDKLGASGYNYWGQGTQVTVSS,56.95
sdab35.Nb4,QVQLQES-GGGSVQAGGSLRLSCAASGNTH---------ITLAFRQAPGKEREGVF-IYTS---TGYTYYSDSVKGRFTISQDNAKNTVYLQMDNLKPEDAGMYYCAAGRTRSVRPG-----------GRIDPGAFDYWGQGTQVTVSS,QVQLQESGGGSVQAGGSLRLSCAASGNTHITLAFRQAPGKEREGVFIYTSTGYTYYSDSVKGRFTISQDNAKNTVYLQMDNLKPEDAGMYYCAAGRTRSVRPGGRIDPGAFDYWGQGTQVTVSS,74.29
sdab36.Nb7,QVQLQES-GGGSVQAGGSLRLSCESSGMTFS-------VYNLGLRQAPGQECE-LSTITR----DGSTDYADSMKGRFTISRDNAKNTMYLQMTSLKPDDTAVYYCAAGVGV----------------------VDCTEGQGTQVTVSS,QVQLQESGGGSVQAGGSLRLSCESSGMTFSVYNLGLRQAPGQECELSTITRDGSTDYADSMKGRFTISRDNAKNTMYLQMTSLKPDDTAVYYCAAGVGVVDCTEGQGTQVTVSS,52.72
sdab561.H3,EVQLQAS-GGGLVQGGDSLRLSCARSGRTLSD------YGVAWFRQAPGKEREFVSVIGRS---TIITDYANSVKGRITISRDNAKNAVYLQMNSLKPEDTAVYYCAVITNPVYAT-------------SRNSDDYGYWGQGTQVTVSS,EVQLQASGGGLVQGGDSLRLSCARSGRTLSDYGVAWFRQAPGKEREFVSVIGRSTIITDYANSVKGRITISRDNAKNAVYLQMNSLKPEDTAVYYCAVITNPVYATSRNSDDYGYWGQGTQVTVSS,51.15
sdab562.H1,DVQLQAS-GGGLAQAGGSLRLSCAYSGDTVND------YAMAWFRQAPGKGREFVAAIRAR---GGGTEYLDSVKGRFTISRDNGENTAYLQMDNLQPDDTALYFCALAMGGYAY---------------RAFERYSVRGQGTQVTVSS,DVQLQASGGGLAQAGGSLRLSCAYSGDTVNDYAMAWFRQAPGKGREFVAAIRARGGGTEYLDSVKGRFTISRDNGENTAYLQMDNLQPDDTALYFCALAMGGYAYRAFERYSVRGQGTQVTVSS,64.59
sdab563.F8,DVQLQAS-GGGLAQAGGSLRLSCAYSGDTVND------YGMGWFRQVPGKGREFVAAIRAS---GGGTEYLDSVKGRFTISRDNR-NTATLQMNDLRPDDTAVYYCALSMGGYAY---------------RAFERYNVRGQGTQVTVSP,DVQLQASGGGLAQAGGSLRLSCAYSGDTVNDYGMGWFRQVPGKGREFVAAIRASGGGTEYLDSVKGRFTISRDNRNTATLQMNDLRPDDTAVYYCALSMGGYAYRAFERYNVRGQGTQVTVSP,58.84
sdab564.D1,EVQLQAS-GGGLVQPGGSLRLACQYSGREGT-------TTVGWFRQSPGKEREFVAAIR------WTDSRTPHTDSRFTTSSDNFKKTAYLQMNGLKPEDTALYYCTEDTWNSV-----------------VTGTAADWSQGTQVTVSS,EVQLQASGGGLVQPGGSLRLACQYSGREGTTTVGWFRQSPGKEREFVAAIRWTDSRTPHTDSRFTTSSDNFKKTAYLQMNGLKPEDTALYYCTEDTWNSVVTGTAADWSQGTQVTVSS,47.7
sdab565.F11,EVQLQAS-GGGLVRPGGSLRLACQYSGREGT-------TTVGWIRQSPGKEREFVAAIR------WTDSRTSHTDSRFTTSSDNFKKTAYLQMNGLKPEDTALYYCTEDTWNSV-----------------VTGTAAGWSQGTQVTVSS,EVQLQASGGGLVRPGGSLRLACQYSGREGTTTVGWIRQSPGKEREFVAAIRWTDSRTSHTDSRFTTSSDNFKKTAYLQMNGLKPEDTALYYCTEDTWNSVVTGTAAGWSQGTQVTVSS,49.23
sdab566.H1W,DVQLQAS-GGGLAQAGGSLRLSCAYSGDTVND------YAMAWFRQAPGKGREFVAAIRAR---GGGTEYLDSVKGRFTISRDNGENTAYLQMDNLQPDDTALYFCALAMGGYAY---------------RAFERYSVWGQGTQVTVSS,DVQLQASGGGLAQAGGSLRLSCAYSGDTVNDYAMAWFRQAPGKGREFVAAIRARGGGTEYLDSVKGRFTISRDNGENTAYLQMDNLQPDDTALYFCALAMGGYAYRAFERYSVWGQGTQVTVSS,69.41
sdab442.F11,EVQLQAS-GGGLVRPGGSLRLACQYSGREGT-------TTVGWIRQSPGKEREFVAAIRW-----TDSRTSHTDSRETTSSDNFK-KTAYLQMNGLKPEDTALYYCTEDTWNSY-----------------YTGTAAGWSQGTQVTVSS,EVQLQASGGGLVRPGGSLRLACQYSGREGTTTVGWIRQSPGKEREFVAAIRWTDSRTSHTDSRETTSSDNFKKTAYLQMNGLKPEDTALYYCTEDTWNSYYTGTAAGWSQGTQVTVSS,52.38
sdab451.H1Wneg+,DVQLQAS-GGGLAQDGGSLRLSCAYSGQTVND------YAMAWFRQAPGKEREFVCAIRAR---GGGTEYLDSVKGRFTCSRDNGENTAYLQMDNLQPDDTALYFCALAMGGYAY---------------RAFERYSVWGQGTQVTVSS,DVQLQASGGGLAQDGGSLRLSCAYSGQTVNDYAMAWFRQAPGKEREFVCAIRARGGGTEYLDSVKGRFTCSRDNGENTAYLQMDNLQPDDTALYFCALAMGGYAYRAFERYSVWGQGTQVTVSS,68.9
sdab484.Z18,QVQLVES-GGGLVQAGDSLRLSCAASGRTFSG------YAMGWFRQAPGKEREFVARINWS---GTLTYYADSVKGRFTGSRDNAKNTVYLQMNSLKPEDTAVYYCAQRGDSGSN---------------YDPSGYSYWGQGTQVTVSS,QVQLVESGGGLVQAGDSLRLSCAASGRTFSGYAMGWFRQAPGKEREFVARINWSGTLTYYADSVKGRFTGSRDNAKNTVYLQMNSLKPEDTAVYYCAQRGDSGSNYDPSGYSYWGQGTQVTVSS,57.19
sdab567.C10,DVQLQAS-GGGLVQPGGSLRLACAHSGREGT-------TTVGWFRQAPGKEREFVAALRWT---DGRISYANSVKGRFTTSSDNWKKTVYLQMNGLKPEDSALYYCAEDSWYPV-----------------VTGTAAYWSQGTQVTVSS,DVQLQASGGGLVQPGGSLRLACAHSGREGTTTVGWFRQAPGKEREFVAALRWTDGRISYANSVKGRFTTSSDNWKKTVYLQMNGLKPEDSALYYCAEDSWYPVVTGTAAYWSQGTQVTVSS,60.21
sdab497.A3,EVQLVES-GGGLVQAGDSLRLSCTASGRTFSR------AVMGWFRQAPGKEREFVAAISAAPGTAYYAFYADSVRGRFSISADSAKNTVYLQMNSLKPEDTAVYYCAADLKMQVAA-------------YMNQRSADYWGQGTQVTVSS,EVQLVESGGGLVQAGDSLRLSCTASGRTFSRAVMGWFRQAPGKEREFVAAISAAPGTAYYAFYADSVRGRFSISADSAKNTVYLQMNSLKPEDTAVYYCAADLKMQVAAYMNQRSADYWGQGTQVTVSS,82.36
sdab498.A3,EVQLVES-GGGLVQAGDSLRLSCTASGRTFSR------AVMGWFRQAPGKEREFVAAISAAPGTAYYAFYADSVRGRFSISADSAKNTVYLQMNSLKPEDTAVYYCAADLKMQVAA-------------YMNQRSYDYWGQGTQVTVSS,EVQLVESGGGLVQAGDSLRLSCTASGRTFSRAVMGWFRQAPGKEREFVAAISAAPGTAYYAFYADSVRGRFSISADSAKNTVYLQMNSLKPEDTAVYYCAADLKMQVAAYMNQRSYDYWGQGTQVTVSS,82.3
sdab499.A3,EVQLVES-GGGLVQAGDSLRLSCTASGRTFSR------AVMGWFRQAPGKEREFVAAISAAPGTAYYAFYADSVRGRFSISADSAKNTVYLQMNSLKPEDTAVYYCAADLKMQVAA-------------YMNQRCVDYWGQGTQVTVSS,EVQLVESGGGLVQAGDSLRLSCTASGRTFSRAVMGWFRQAPGKEREFVAAISAAPGTAYYAFYADSVRGRFSISADSAKNTVYLQMNSLKPEDTAVYYCAADLKMQVAAYMNQRCVDYWGQGTQVTVSS,85.14
sdab512.A3-ds,EVQLVES-GGGLVQAGDSCRLSATASGRTFSR------AVMGWFRQAPGKEREFVAAISAAPGTAYYAFYADSVRGRFSISADSAKNTVYLQMNSLKPEDTAVYYVAADLKMQVAA-------------YMNQRSVDYWGQGTQVTVSS,EVQLVESGGGLVQAGDSCRLSATASGRTFSRAVMGWFRQAPGKEREFVAAISAAPGTAYYAFYADSVRGRFSISADSAKNTVYLQMNSLKPEDTAVYYVAADLKMQVAAYMNQRSVDYWGQGTQVTVSS,69.7
sdab513.A3-ds,EVQLVES-GGGLVQAGDSLRLSATASGRTFSR------AVMGWFRQAPGKEREFVAAISAAPGTAYYAFYADSVRGRFSISADSAKNTVYLQMNNLKPEDTAVYYVAADLKMQVAA-------------YMNQRSVDYWGQGTQVTVSS,EVQLVESGGGLVQAGDSLRLSATASGRTFSRAVMGWFRQAPGKEREFVAAISAAPGTAYYAFYADSVRGRFSISADSAKNTVYLQMNNLKPEDTAVYYVAADLKMQVAAYMNQRSVDYWGQGTQVTVSS,68.25
sdab514.A3-ds,EVQLVES-GGGLVQAGDSLRLSATASGCTFSR------AVMGWFRQAPGKEREFVAAISAAPGTAYYAFYADSVRGRFSISADSAKNTVYLQMNSLKPEDTAVYYVAADLKMQVAA-------------YMNQRSVDYWGQGTQVTVSS,EVQLVESGGGLVQAGDSLRLSATASGCTFSRAVMGWFRQAPGKEREFVAAISAAPGTAYYAFYADSVRGRFSISADSAKNTVYLQMNSLKPEDTAVYYVAADLKMQVAAYMNQRSVDYWGQGTQVTVSS,71.07
sdab515.A3-ds,EVQLVES-GGGLVQAGDSLRLSATASGRIFSR------AVMGWFRQAPGKEREFVAAISAAPGTAYYAFYADSVRGRFIISADSAKNTVYLQMNSLKPEDTAVYYVAADLKMQVAA-------------YMNQRSVDYWGQGTQVTVSS,EVQLVESGGGLVQAGDSLRLSATASGRIFSRAVMGWFRQAPGKEREFVAAISAAPGTAYYAFYADSVRGRFIISADSAKNTVYLQMNSLKPEDTAVYYVAADLKMQVAAYMNQRSVDYWGQGTQVTVSS,69.34
sdab516.A3-ds,EVQLVES-GGGLVQAGDSLRLSATASDRTFSR------AVMGWFRQAPGKEREFVAAISAAPGTAYYAFYADSVRGRFSISADSAKNTVYLQMNSLKPEDTAVYYVAADLKMQVAA-------------YMNQRSVDYWGQGTQVTVSS,EVQLVESGGGLVQAGDSLRLSATASDRTFSRAVMGWFRQAPGKEREFVAAISAAPGTAYYAFYADSVRGRFSISADSAKNTVYLQMNSLKPEDTAVYYVAADLKMQVAAYMNQRSVDYWGQGTQVTVSS,68.29
sdab518.SEB,EVQLQAS-GGGLVQAGGPLRLTCAVSGPTFGS------YALGWFRQAPGKEREFVAAVSW----SGGDTYADSVKGRFIISRDNAKNTVYLQMNNLEPEDTAVYSCARMQDRYYIS--------------KDAKDYGYWGQGTQVTVSS,EVQLQASGGGLVQAGGPLRLTCAVSGPTFGSYALGWFRQAPGKEREFVAAVSWSGGDTYADSVKGRFIISRDNAKNTVYLQMNNLEPEDTAVYSCARMQDRYYISKDAKDYGYWGQGTQVTVSS,60.55
sdab519.SEB,DVQLQAS-GGGLVQAGGSLRLTCAASLHTFGS------YAMGWERQAPGKEREFVAAISW----SGGDTYSDSVKGRFTISRDNAKNTVYLQMNSLEPEDTAVYSCAAVEARYYIS--------------TDAKDYGYWGQGTQVTVSS,DVQLQASGGGLVQAGGSLRLTCAASLHTFGSYAMGWERQAPGKEREFVAAISWSGGDTYSDSVKGRFTISRDNAKNTVYLQMNSLEPEDTAVYSCAAVEARYYISTDAKDYGYWGQGTQVTVSS,62.38
sdab520.SEB,EVQLQAS-GGGLVRAGGTLRLTCDATTPTFGS------YAMGWFRQAPGKEREFVSAISW----SGGDTYADSVKGRFTISRDNTRNRVYLQMNDLEPDDTAIYTCARTTARYYIS--------------KDAKDYDYWGQGTQVTVSS,EVQLQASGGGLVRAGGTLRLTCDATTPTFGSYAMGWFRQAPGKEREFVSAISWSGGDTYADSVKGRFTISRDNTRNRVYLQMNDLEPDDTAIYTCARTTARYYISKDAKDYDYWGQGTQVTVSS,58.46
sdab521.SEB,EVQLQAS-GGGLVQAGGSLRLTCAVSGPTFGS------YALGWFRQAPGKEREFVAAVSW----SGGDTYADTAKGRFIISRDNAKNTVYLQMNNLEPEDTAVYSCARMQDRYYIS--------------KDAKDYGYWGQGTQVIVSS,EVQLQASGGGLVQAGGSLRLTCAVSGPTFGSYALGWFRQAPGKEREFVAAVSWSGGDTYADTAKGRFIISRDNAKNTVYLQMNNLEPEDTAVYSCARMQDRYYISKDAKDYGYWGQGTQVIVSS,58.25
sdab522.SEB,EVQLQAS-GGGLVQAGGSLRLTCAVSGPTFGS------YALGWFRQAPGKEREFVAAVSW----SGGDTYADSVKGRFIISRDNAKNTVYLQMNNLEPEDTAVYSCARMQDRYYIS--------------KDAKDYGYWGQETQVTVSS,EVQLQASGGGLVQAGGSLRLTCAVSGPTFGSYALGWFRQAPGKEREFVAAVSWSGGDTYADSVKGRFIISRDNAKNTVYLQMNNLEPEDTAVYSCARMQDRYYISKDAKDYGYWGQETQVTVSS,62.34
sdab524.SEB,EVQLQAS-GGGLVQAGGSLRLSCAASGRDFSD------YAMAWFRQAPGKEREFVGTISW----YTNTNYADSVKGRFSISRDNAKNTVYLQMSSLKPEDTAVYYCAAAPARYYNP-------------YKRESEYGYWGQGTQVTVSS,EVQLQASGGGLVQAGGSLRLSCAASGRDFSDYAMAWFRQAPGKEREFVGTISWYTNTNYADSVKGRFSISRDNAKNTVYLQMSSLKPEDTAVYYCAAAPARYYNPYKRESEYGYWGQGTQVTVSS,63.89
sdab525.SEB,EVQLQAS-GGGLVQPGGSLRLSCAASGSAVSI------GFMAWYRQAPGKQRELVARISS----SGLPDYADTVKGRFTISRDNTRKTVSLQMNSLNPDDTAVYYCNARLYD----------------------GSSAWGQGTQVTVSS,EVQLQASGGGLVQPGGSLRLSCAASGSAVSIGFMAWYRQAPGKQRELVARISSSGLPDYADTVKGRFTISRDNTRKTVSLQMNSLNPDDTAVYYCNARLYDGSSAWGQGTQVTVSS,59.67
sdab526.SEB,DVQLQAS-GGGLVQPGGSLRLSCAASESAVRI------GFMGWHRQAPGNQRERVAQISS----TGLPTYADAVKGRFTISRDNTKNTVYLQMNSLNADDTAVYFCNARLYD----------------------GTSVWGQGTQVTVSS,DVQLQASGGGLVQPGGSLRLSCAASESAVRIGFMGWHRQAPGNQRERVAQISSTGLPTYADAVKGRFTISRDNTKNTVYLQMNSLNADDTAVYFCNARLYDGTSVWGQGTQVTVSS,57.12
NB-extra-CA-CA,EVQLVES-GGGLVQPGGSLRLSAAASGFNIKD------TYIGWVRRAPGKGEEWVASIYPT---NGYTRYADSVKGRFTISADTSKNTAYLQMNSLRAEDTAVYYAAAGSFETLT---------------LREEEAAAWGQGTLVTVSS,EVQLVESGGGLVQPGGSLRLSAAASGFNIKDTYIGWVRRAPGKGEEWVASIYPTNGYTRYADSVKGRFTISADTSKNTAYLQMNSLRAEDTAVYYAAAGSFETLTLREEEAAAWGQGTLVTVSS,67.15
sdab527.SEB,DVQLQAS-GGGLVEPGGSLRLSCAASGSAVSI------GFMGWHRQAPGKQRERVAQISS----TGIPNYADTVKGRFTISRDNTKNTMYLQMNSLNADDTAVYFCNARLYD----------------------GTSAWGQGTQVTVSS,DVQLQASGGGLVEPGGSLRLSCAASGSAVSIGFMGWHRQAPGKQRERVAQISSTGIPNYADTVKGRFTISRDNTKNTMYLQMNSLNADDTAVYFCNARLYDGTSAWGQGTQVTVSS,57.26
sdab528.SEB,DVQLQAS-GGGLVQVGGSLRLSCAASGSTFRI------GYMGWYRQAPGKPRELVARISS----GGTTDYLDFVKDRFTISRDNAKNTVYLQMSSLKPEDTAVYYCNVVNYR----------------------ANEYWGQGTQVTVSS,DVQLQASGGGLVQVGGSLRLSCAASGSTFRIGYMGWYRQAPGKPRELVARISSGGTTDYLDFVKDRFTISRDNAKNTVYLQMSSLKPEDTAVYYCNVVNYRANEYWGQGTQVTVSS,67.16
sdab529.SEB,DVQLQAS-GGGLVQVGGSLRLSCAASGSTFRI------GYMSWHRQAPGKSRELVARISS----GGTTDYLDSVKDRFTISRDNTKNTVYLQMNSLEPEDTAVYYCNVVDYR----------------------ANEYWGQGTQVAVSS,DVQLQASGGGLVQVGGSLRLSCAASGSTFRIGYMSWHRQAPGKSRELVARISSGGTTDYLDSVKDRFTISRDNTKNTVYLQMNSLEPEDTAVYYCNVVDYRANEYWGQGTQVAVSS,62.15
sdab530.NbD1,EVQLVES-GGGSVQAGGSLRLSCAASGWTYST------ATMGWYRQAPGKERELVSSIFS----DENTYYKDSVKGRFTISRDAAKNTVYLQMNSLKPEDTAMYYCYIRPTTS--------------------LANWRWGQGTQVTVSS,EVQLVESGGGSVQAGGSLRLSCAASGWTYSTATMGWYRQAPGKERELVSSIFSDENTYYKDSVKGRFTISRDAAKNTVYLQMNSLKPEDTAMYYCYIRPTTSLANWRWGQGTQVTVSS,67.02
sdab531.NbD2_1_5,EVQLVES-GGGSVQAGGSLRLSCAVSENTG---------RMGWFRQAPGKEREKVAIITRL---GGYTSYAGPVKGRFTISQDNAKNTVYLLMNSLKPEDTAIYYCAADSRPIY------------------SGTWRYWGQGTQVTVSS,EVQLVESGGGSVQAGGSLRLSCAVSENTGRMGWFRQAPGKEREKVAIITRLGGYTSYAGPVKGRFTISQDNAKNTVYLLMNSLKPEDTAIYYCAADSRPIYSGTWRYWGQGTQVTVSS,68.58
sdab532.NbD3,QVQLQES-GGGSVQAGGSLRLSCTASEFTT--------KYMAWFRQAPGKERELVAVIYTI---TSGANYGDSVKGRFTIYRDNENNTVHLEMNNLKPEDTAMYICAASTYWGAA---------------LRETAYNSWGRGTQVTVSS,QVQLQESGGGSVQAGGSLRLSCTASEFTTKYMAWFRQAPGKERELVAVIYTITSGANYGDSVKGRFTIYRDNENNTVHLEMNNLKPEDTAMYICAASTYWGAALRETAYNSWGRGTQVTVSS,68.8
sdab533.NbD3_1_5,EVQLVES-GGGSVQAGGSLRLSCTASEFTT--------KYMAWFRQAPGKERELVAVIYTI---TSGANYGDSVKGRFTIYRDNENNTVHLEMNNLKPEDTAMYICAASTYWGAA---------------LRETAYNSWGRGTQVTVSS,EVQLVESGGGSVQAGGSLRLSCTASEFTTKYMAWFRQAPGKERELVAVIYTITSGANYGDSVKGRFTIYRDNENNTVHLEMNNLKPEDTAMYICAASTYWGAALRETAYNSWGRGTQVTVSS,70.59
sdab534.NbD4_1_5,EVQLVES-GGGSVQSGGSLRLSCAASGDTFSK------RIMAWFRGAPDKEREGLATIDPD---GTMKSYADSARGRFTISRDNAKSAVYLQMNSLKPEDTAVYYCATKLTWY--------------------GAYQSWGQGTQVTVSS,EVQLVESGGGSVQSGGSLRLSCAASGDTFSKRIMAWFRGAPDKEREGLATIDPDGTMKSYADSARGRFTISRDNAKSAVYLQMNSLKPEDTAVYYCATKLTWYGAYQSWGQGTQVTVSS,58.53
sdab535.NbD5,QVQLQES-GGGSVQAGGSLRLSCAVSGYTYSS------YSIGWFRQAPGKEREGVAAINS----GGSTNYAGSVEGRGFISQDNAKNTVSLLMNSLKPEDTATYYCAVGAFFTL-----------------RPTLYNYWGQGTQVTVSS,QVQLQESGGGSVQAGGSLRLSCAVSGYTYSSYSIGWFRQAPGKEREGVAAINSGGSTNYAGSVEGRGFISQDNAKNTVSLLMNSLKPEDTATYYCAVGAFFTLRPTLYNYWGQGTQVTVSS,57.59
sdab536.NbD5_1_5,EVQLVES-GGGSVQAGGSLRLSCAVSGYTYSS------YSIGWFRQAPGKEREGVAAINS----GGSTNYAGSVEGRGFISQDNAKNTVSLLMNSLKPEDTATYYCAVGAFFTL-----------------RPTLYNYWGQGTQVTVSS,EVQLVESGGGSVQAGGSLRLSCAVSGYTYSSYSIGWFRQAPGKEREGVAAINSGGSTNYAGSVEGRGFISQDNAKNTVSLLMNSLKPEDTATYYCAVGAFFTLRPTLYNYWGQGTQVTVSS,60.26
sdab537.NbD6_1_5,EVQLVES-GGGSVQAGGSLRLFCEASGYTSSH------YIMGWSRQAPGKECELVARITS----AGITDYASSVKGRFTISRGDATNGMALQMNNLKPEDTAVYYCGVVVPTIGI---------------SRWCGYDYWGQGTQVTVSS,EVQLVESGGGSVQAGGSLRLFCEASGYTSSHYIMGWSRQAPGKECELVARITSAGITDYASSVKGRFTISRGDATNGMALQMNNLKPEDTAVYYCGVVVPTIGISRWCGYDYWGQGTQVTVSS,73.05
sdab539.NbD8_1_5,EVQLVES-GGGSVQAGGSLRLSCAASGYTYGS------NSMGWFRQAPGKEREGVATIDRG---GGRTLYTDSVKGRFTISQDNAKNTVYLQMNSLKPEDTAMYYCAADDNWRGDG--------------LDPSDFDYWGQGTQVTVSS,EVQLVESGGGSVQAGGSLRLSCAASGYTYGSNSMGWFRQAPGKEREGVATIDRGGGRTLYTDSVKGRFTISQDNAKNTVYLQMNSLKPEDTAMYYCAADDNWRGDGLDPSDFDYWGQGTQVTVSS,58.95
sdab540.NbD9_NC,QVQLQES-GGGLVQAGGSLRLSCVASGYLFSL------RGMGWYRQAPGKQRELVSIISR----YGPAKYADSVKGRFTISQDNAKNTLYLQMNSLRPEDTAVYFCAASRPNS--------------------DKLDYWGQGTQVTVSS,QVQLQESGGGLVQAGGSLRLSCVASGYLFSLRGMGWYRQAPGKQRELVSIISRYGPAKYADSVKGRFTISQDNAKNTLYLQMNSLRPEDTAVYFCAASRPNSDKLDYWGQGTQVTVSS,62.38
sdab541.NbD10_NC,QVQLQES-GGGLVQSGGSLTLSCAASRYTYRP------RTMAWYRQAPGKQREFVSTISS----NGNAKYRDSVKGRFTISQNNAKNTVYLQMNSLRPEDTAVYYCYMYNG------------------------DPFWGQGTQVTVSS,QVQLQESGGGLVQSGGSLTLSCAASRYTYRPRTMAWYRQAPGKQREFVSTISSNGNAKYRDSVKGRFTISQNNAKNTVYLQMNSLRPEDTAVYYCYMYNGDPFWGQGTQVTVSS,59.49
sdab542.NbD11,QVQLQES-GGGSVQAGGSLKLSCDASTYTYGG------KCMGWFRQAPGKEREFVAFIES----DGRTSYADSVKGRFTISQDDAKNTVYLQMNSLKREDTSMYYCKTAAGAFC-----------------GTRSYGFWGQGTQVTVSS,QVQLQESGGGSVQAGGSLKLSCDASTYTYGGKCMGWFRQAPGKEREFVAFIESDGRTSYADSVKGRFTISQDDAKNTVYLQMNSLKREDTSMYYCKTAAGAFCGTRSYGFWGQGTQVTVSS,58.14
sdab543.NbD11_NC,QVQLQES-GGGLVQAGGSLKLSCDASTYTYGG------KCMGWFRQAPGKQREFVAFIES----DGRASYADSVKGRFTISQDDAKNTVYLQMNSLRPEDTSVYYCKTAAGAFC-----------------GTRSYGFWGQGTQVTVSS,QVQLQESGGGLVQAGGSLKLSCDASTYTYGGKCMGWFRQAPGKQREFVAFIESDGRASYADSVKGRFTISQDDAKNTVYLQMNSLRPEDTSVYYCKTAAGAFCGTRSYGFWGQGTQVTVSS,63.98
sdab544.NbD12_NC,QVQLQES-GGGLVQAGGSLRLSCAASGITYSR------STMGWYRQVPGKQRELVSSIRW----NGSALYADSVKGRFTISRDNAKNTAYLQMNSLRPEDTAVFYCKAEVVAGP------------------YAGHDYWGQGTQVTVSS,QVQLQESGGGLVQAGGSLRLSCAASGITYSRSTMGWYRQVPGKQRELVSSIRWNGSALYADSVKGRFTISRDNAKNTAYLQMNSLRPEDTAVFYCKAEVVAGPYAGHDYWGQGTQVTVSS,61.45
sdab545.NbD1_NC,QVQLQES-GGGLVQAGGSLRLSCAASGWTYST------ATMGWYRQAPGKQRELVSSIFS----DENAYYKDSVKGRFTISRDAAKNTVYLQMNSLRPEDTAVYYCYIRPTTS--------------------LANWRWGQGTQVTVSS,QVQLQESGGGLVQAGGSLRLSCAASGWTYSTATMGWYRQAPGKQRELVSSIFSDENAYYKDSVKGRFTISRDAAKNTVYLQMNSLRPEDTAVYYCYIRPTTSLANWRWGQGTQVTVSS,65.08
sdab546.NbD4_NC,QVQLQES-GGGLVQGGGSLRLSCAASGDTFSR------KIMAWFRQAPDKQREGLATIDPD---GTMASYADSARGRFTISRDNAKSAVYLQMNSLRPEDTAVYYCATKLTWY--------------------GAYQSWGQGTQVTVSS,QVQLQESGGGLVQGGGSLRLSCAASGDTFSRKIMAWFRQAPDKQREGLATIDPDGTMASYADSARGRFTISRDNAKSAVYLQMNSLRPEDTAVYYCATKLTWYGAYQSWGQGTQVTVSS,56.5
sdab547.NbPep46,QVQLQES-GGGSVQAGGSLRLSCVASGFSVST------QCMGWVRQAPGKDAETVAVINS----GGGNLYFDSVKGRFTISRDEAKNTVYLQMNSLKPEDTAIYYCVADCVLSEVV-------------GGFKARFTFIGQGTQVTVSS,QVQLQESGGGSVQAGGSLRLSCVASGFSVSTQCMGWVRQAPGKDAETVAVINSGGGNLYFDSVKGRFTISRDEAKNTVYLQMNSLKPEDTAIYYCVADCVLSEVVGGFKARFTFIGQGTQVTVSS,69.17
sdab550.EBOV-GP-G6,DVQLQAS-GGGLVQAGGSLRISCAASGGALSD------YNMGWFRQAPGKEREFVAVVTWS---GGSTRYADSVNGRFTISRDNAKNTVYLQMNSLKPEDTAVYYCAAAPLTPFQS-------------LGDNKAYNYWGQGTQVTVSS,DVQLQASGGGLVQAGGSLRISCAASGGALSDYNMGWFRQAPGKEREFVAVVTWSGGSTRYADSVNGRFTISRDNAKNTVYLQMNSLKPEDTAVYYCAAAPLTPFQSLGDNKAYNYWGQGTQVTVSS,66.0
sdab551.EBOV-GP-H7,DVQLQAS-GGGLVQAGGSLRLSCAASSGTFSS------YTMGWFRQAPGKERELVARLSQ----SLTTLYADSVKGRFTISRDNAENTVYLQMNSLKPEDTGVYYCAAHPGTYGSAW------------LISPHDYAYWGQGTQVTVSS,DVQLQASGGGLVQAGGSLRLSCAASSGTFSSYTMGWFRQAPGKERELVARLSQSLTTLYADSVKGRFTISRDNAENTVYLQMNSLKPEDTGVYYCAAHPGTYGSAWLISPHDYAYWGQGTQVTVSS,61.81
sdab552.EBOV-GP-A8,EVQLQAS-GGGLAQAGGSLQLSCAAPGRPVRT------YTMGWFRQAPGKEREFVAANNW-----RGTRYAGSVRGRFSISRDNSKNTVYLQMNSLKPEDTAVYYCACAVTADLLLSG----------NYFRGDDYDYWGQGTQVTVSS,EVQLQASGGGLAQAGGSLQLSCAAPGRPVRTYTMGWFRQAPGKEREFVAANNWRGTRYAGSVRGRFSISRDNSKNTVYLQMNSLKPEDTAVYYCACAVTADLLLSGNYFRGDDYDYWGQGTQVTVSS,60.94
sdab553.EBOV-GP-D1,EVQLQAS-GGGSVPPGGSLRLSCTASLRAFST------YTMGWFRQAPGKEREFVAASNW-----RGTDFHDSVRGRFIISRDNTEKTVQLQMNSLKPEDTAIYYCAADGSTWL-----------------KRSDYSYWGQGTQVTVSS,EVQLQASGGGSVPPGGSLRLSCTASLRAFSTYTMGWFRQAPGKEREFVAASNWRGTDFHDSVRGRFIISRDNTEKTVQLQMNSLKPEDTAIYYCAADGSTWLKRSDYSYWGQGTQVTVSS,55.13
sdab554.EBOV-GP-B5,EVQLQAS-GGGLVQAGGSLRLSCTASLRAFST------YTMGWFRQAPGKEREFVAASNW-----RGTDFHDSVKGRFIISRDNTKKTVQLQMNSLKPEDTAIYYCAADGSTWL-----------------KRSDYSYWGQGTQVTVSS,EVQLQASGGGLVQAGGSLRLSCTASLRAFSTYTMGWFRQAPGKEREFVAASNWRGTDFHDSVKGRFIISRDNTKKTVQLQMNSLKPEDTAIYYCAADGSTWLKRSDYSYWGQGTQVTVSS,48.69
sdab557.EBOV-GP-G3,EVQLQAS-GGGLVEPGGSLRLSCAVSGINFNI------NHWGWYRQAPGKQREWVATIAI----GGATDYADSLKGRFTISRDNNKNTVYLQMNSLRPEDTAVYYCNGVGSK----------------------WSVRWGQGTQVTVSS,EVQLQASGGGLVEPGGSLRLSCAVSGINFNINHWGWYRQAPGKQREWVATIAIGGATDYADSLKGRFTISRDNNKNTVYLQMNSLRPEDTAVYYCNGVGSKWSVRWGQGTQVTVSS,61.1
sdab559.C8,EVQLQRS-GGGLVQGGDSLRLSCRASGRTLGD------YGVAWFRQAPGKEREFVSVISRS---TIITDYANSYKGRFTISRDNAKNAVYLQMNSLKPEDTAVYYCAVIANPVYAT-------------SRNSDDYGHWGQGTQVTVSS,EVQLQRSGGGLVQGGDSLRLSCRASGRTLGDYGVAWFRQAPGKEREFVSVISRSTIITDYANSYKGRFTISRDNAKNAVYLQMNSLKPEDTAVYYCAVIANPVYATSRNSDDYGHWGQGTQVTVSS,58.48
sdab560.E9,EVQLQAS-GGGLVQGGDSLRLSCAASGRTLSV------YGVAWFRQAPGKEREFVSVISRS---TIITDYANSVKGRFTISRDNAKNAVYLQMNSLKPEDTAVYYCAVITNPVYAT-------------SRNSDDYGYNGQGTQVTVSS,EVQLQASGGGLVQGGDSLRLSCAASGRTLSVYGVAWFRQAPGKEREFVSVISRSTIITDYANSVKGRFTISRDNAKNAVYLQMNSLKPEDTAVYYCAVITNPVYATSRNSDDYGYNGQGTQVTVSS,53.82
NB-AGT-1,QVQLVES-GGGLVQAGDSLRLSCAASGLAFST------YGMGWFRQAPGKEREFVADINWS---GSSTYVADSVKGRFTISRDNAKNTVYLQMNRLKPEDTAVYSCAAAPGGGLRA--------------GPSRRYEYWGQGTQVTVSS,QVQLVESGGGLVQAGDSLRLSCAASGLAFSTYGMGWFRQAPGKEREFVADINWSGSSTYVADSVKGRFTISRDNAKNTVYLQMNRLKPEDTAVYSCAAAPGGGLRAGPSRRYEYWGQGTQVTVSS,69.19
NB-AGT-2,QVQLVES-GGGLVQAGGSLRLSCAASGRTFSS------YAMGWFRQAPGKEREFVAAINWS---GGSTFYADSVKGRFTISRDNAKNTVYLQMNSLKPEDTAVYYCAAARADPYYSIS----------YYSTTHEYDYWGQGTQVTVSS,QVQLVESGGGLVQAGGSLRLSCAASGRTFSSYAMGWFRQAPGKEREFVAAINWSGGSTFYADSVKGRFTISRDNAKNTVYLQMNSLKPEDTAVYYCAAARADPYYSISYYSTTHEYDYWGQGTQVTVSS,78.41
NB-AGT-6,QVQLVES-GGGSVQTGGSLRLACVASGFTSDH------YSIGWFRQAPGKEREGVSCIGMH---DGSTKYAESVKGRFTISSDNDKNTVYLQMNSLKPEDTAVYYCAAGPLVLL-----------------DSDTYQSWGEGTQVTVSS,QVQLVESGGGSVQTGGSLRLACVASGFTSDHYSIGWFRQAPGKEREGVSCIGMHDGSTKYAESVKGRFTISSDNDKNTVYLQMNSLKPEDTAVYYCAAGPLVLLDSDTYQSWGEGTQVTVSS,70.41
NB-AGT-2-L22V,QVQLVES-GGGLVQAGGSLRVSCAASGRTFSS------YAMGWFRQAPGKEREFVAAINWS---GGSTFYADSVKGRFTISRDNAKNTVYLQMNSLKPEDTAVYYCAAARADPYYSIS----------YYSTTHEYDYWGQGTQVTVSS,QVQLVESGGGLVQAGGSLRVSCAASGRTFSSYAMGWFRQAPGKEREFVAAINWSGGSTFYADSVKGRFTISRDNAKNTVYLQMNSLKPEDTAVYYCAAARADPYYSISYYSTTHEYDYWGQGTQVTVSS,72.33
NB-AGT-2-L22A,QVQLVES-GGGLVQAGGSLRASCAASGRTFSS------YAMGWFRQAPGKEREFVAAINWS---GGSTFYADSVKGRFTISRDNAKNTVYLQMNSLKPEDTAVYYCAAARADPYYSIS----------YYSTTHEYDYWGQGTQVTVSS,QVQLVESGGGLVQAGGSLRASCAASGRTFSSYAMGWFRQAPGKEREFVAAINWSGGSTFYADSVKGRFTISRDNAKNTVYLQMNSLKPEDTAVYYCAAARADPYYSISYYSTTHEYDYWGQGTQVTVSS,66.99
NB-AGT-2-I72V,QVQLVES-GGGLVQAGGSLRLSCAASGRTFSS------YAMGWFRQAPGKEREFVAAINWS---GGSTFYADSVKGRFTVSRDNAKNTVYLQMNSLKPEDTAVYYCAAARADPYYSIS----------YYSTTHEYDYWGQGTQVTVSS,QVQLVESGGGLVQAGGSLRLSCAASGRTFSSYAMGWFRQAPGKEREFVAAINWSGGSTFYADSVKGRFTVSRDNAKNTVYLQMNSLKPEDTAVYYCAAARADPYYSISYYSTTHEYDYWGQGTQVTVSS,79.04
NB-AGT-2-I72A,QVQLVES-GGGLVQAGGSLRLSCAASGRTFSS------YAMGWFRQAPGKEREFVAAINWS---GGSTFYADSVKGRFTASRDNAKNTVYLQMNSLKPEDTAVYYCAAARADPYYSIS----------YYSTTHEYDYWGQGTQVTVSS,QVQLVESGGGLVQAGGSLRLSCAASGRTFSSYAMGWFRQAPGKEREFVAAINWSGGSTFYADSVKGRFTASRDNAKNTVYLQMNSLKPEDTAVYYCAAARADPYYSISYYSTTHEYDYWGQGTQVTVSS,76.09
NB-AGT-2-L22V-I72V,QVQLVES-GGGLVQAGGSLRVSCAASGRTFSS------YAMGWFRQAPGKEREFVAAINWS---GGSTFYADSVKGRFTVSRDNAKNTVYLQMNSLKPEDTAVYYCAAARADPYYSIS----------YYSTTHEYDYWGQGTQVTVSS,QVQLVESGGGLVQAGGSLRVSCAASGRTFSSYAMGWFRQAPGKEREFVAAINWSGGSTFYADSVKGRFTVSRDNAKNTVYLQMNSLKPEDTAVYYCAAARADPYYSISYYSTTHEYDYWGQGTQVTVSS,72.71
NB-AGT-2-L22V-I72A,QVQLVES-GGGLVQAGGSLRVSCAASGRTFSS------YAMGWFRQAPGKEREFVAAINWS---GGSTFYADSVKGRFTASRDNAKNTVYLQMNSLKPEDTAVYYCAAARADPYYSIS----------YYSTTHEYDYWGQGTQVTVSS,QVQLVESGGGLVQAGGSLRVSCAASGRTFSSYAMGWFRQAPGKEREFVAAINWSGGSTFYADSVKGRFTASRDNAKNTVYLQMNSLKPEDTAVYYCAAARADPYYSISYYSTTHEYDYWGQGTQVTVSS,70.47
NB-AGT-2-L22A-I72V,QVQLVES-GGGLVQAGGSLRASCAASGRTFSS------YAMGWFRQAPGKEREFVAAINWS---GGSTFYADSVKGRFTVSRDNAKNTVYLQMNSLKPEDTAVYYCAAARADPYYSIS----------YYSTTHEYDYWGQGTQVTVSS,QVQLVESGGGLVQAGGSLRASCAASGRTFSSYAMGWFRQAPGKEREFVAAINWSGGSTFYADSVKGRFTVSRDNAKNTVYLQMNSLKPEDTAVYYCAAARADPYYSISYYSTTHEYDYWGQGTQVTVSS,67.24
NB-AGT-2-L22A-I72A,QVQLVES-GGGLVQAGGSLRASCAASGRTFSS------YAMGWFRQAPGKEREFVAAINWS---GGSTFYADSVKGRFTASRDNAKNTVYLQMNSLKPEDTAVYYCAAARADPYYSIS----------YYSTTHEYDYWGQGTQVTVSS,QVQLVESGGGLVQAGGSLRASCAASGRTFSSYAMGWFRQAPGKEREFVAAINWSGGSTFYADSVKGRFTASRDNAKNTVYLQMNSLKPEDTAVYYCAAARADPYYSISYYSTTHEYDYWGQGTQVTVSS,65.28
NB-extra,EVQLVES-GGGLVQPGGSLRLSCAASGFNIKD------TYIGWVRRAPGKGEEWVASIYPT---NGYTRYADSVKGRFTISADTSKNTAYLQMNSLRAEDTAVYYCAAGSFETLT---------------LREEEAAAWGQGTLVTVSS,EVQLVESGGGLVQPGGSLRLSCAASGFNIKDTYIGWVRRAPGKGEEWVASIYPTNGYTRYADSVKGRFTISADTSKNTAYLQMNSLRAEDTAVYYCAAGSFETLTLREEEAAAWGQGTLVTVSS,75.94
NB-extra-CA-CV,EVQLVES-GGGLVQPGGSLRLSAAASGFNIKD------TYIGWVRRAPGKGEEWVASIYPT---NGYTRYADSVKGRFTISADTSKNTAYLQMNSLRAEDTAVYYVAAGSFETLT---------------LREEEAAAWGQGTLVTVSS,EVQLVESGGGLVQPGGSLRLSAAASGFNIKDTYIGWVRRAPGKGEEWVASIYPTNGYTRYADSVKGRFTISADTSKNTAYLQMNSLRAEDTAVYYVAAGSFETLTLREEEAAAWGQGTLVTVSS,67.38
